Changes made at Sat Aug  9 05:58:18 UTC 2025
Changes made at Sat Aug  9 06:00:13 UTC 2025
Changes made at Sat Aug  9 06:01:25 UTC 2025
Changes made at Sat Aug  9 06:10:34 UTC 2025
Changes made at Sat Aug  9 08:14:07 UTC 2025
Changes made at Sat Aug  9 08:15:15 UTC 2025
Changes made at Sat Aug  9 09:19:22 UTC 2025
Changes made at Sat Aug  9 09:21:44 UTC 2025
Changes made at Sat Aug  9 10:42:30 UTC 2025
Changes made at Sat Aug  9 14:39:48 UTC 2025
Changes made at Sat Aug  9 16:49:07 UTC 2025
Changes made at Sun Aug 10 08:48:05 UTC 2025
Changes made at Sun Aug 10 10:43:30 UTC 2025
Changes made at Sun Aug 10 14:39:21 UTC 2025
Changes made at Sun Aug 10 16:49:04 UTC 2025
Changes made at Mon Aug 11 08:57:05 UTC 2025
Changes made at Mon Aug 11 10:50:39 UTC 2025
Changes made at Mon Aug 11 14:50:05 UTC 2025
Changes made at Mon Aug 11 16:55:37 UTC 2025
Changes made at Tue Aug 12 08:53:56 UTC 2025
Changes made at Tue Aug 12 10:47:38 UTC 2025
Changes made at Tue Aug 12 14:46:08 UTC 2025
Changes made at Tue Aug 12 16:53:42 UTC 2025
Changes made at Wed Aug 13 08:55:40 UTC 2025
Changes made at Wed Aug 13 10:47:17 UTC 2025
Changes made at Wed Aug 13 14:47:27 UTC 2025
Changes made at Wed Aug 13 16:43:52 UTC 2025
Changes made at Thu Aug 14 08:55:30 UTC 2025
Changes made at Thu Aug 14 10:49:02 UTC 2025
Changes made at Thu Aug 14 14:44:54 UTC 2025
Changes made at Thu Aug 14 16:51:01 UTC 2025
Changes made at Fri Aug 15 08:51:22 UTC 2025
Changes made at Fri Aug 15 10:44:23 UTC 2025
Changes made at Fri Aug 15 14:42:18 UTC 2025
Changes made at Fri Aug 15 16:50:33 UTC 2025
Changes made at Sat Aug 16 08:46:41 UTC 2025
Changes made at Sat Aug 16 10:38:53 UTC 2025
Changes made at Sat Aug 16 14:36:09 UTC 2025
Changes made at Sat Aug 16 16:43:27 UTC 2025
Changes made at Sun Aug 17 08:46:44 UTC 2025
Changes made at Sun Aug 17 10:40:36 UTC 2025
Changes made at Sun Aug 17 14:38:15 UTC 2025
Changes made at Sun Aug 17 16:46:07 UTC 2025
Changes made at Mon Aug 18 08:55:33 UTC 2025
Changes made at Mon Aug 18 10:49:04 UTC 2025
Changes made at Mon Aug 18 14:48:47 UTC 2025
Changes made at Mon Aug 18 16:54:47 UTC 2025
Changes made at Tue Aug 19 08:50:39 UTC 2025
Changes made at Tue Aug 19 10:43:02 UTC 2025
Changes made at Tue Aug 19 14:42:35 UTC 2025
Changes made at Tue Aug 19 16:48:48 UTC 2025
Changes made at Wed Aug 20 08:45:07 UTC 2025
Changes made at Wed Aug 20 10:43:00 UTC 2025
Changes made at Wed Aug 20 14:42:39 UTC 2025
Changes made at Wed Aug 20 16:47:38 UTC 2025
Changes made at Thu Aug 21 08:48:26 UTC 2025
Changes made at Thu Aug 21 10:42:27 UTC 2025
Changes made at Thu Aug 21 14:42:09 UTC 2025
Changes made at Fri Aug 22 08:47:28 UTC 2025
Changes made at Fri Aug 22 10:41:46 UTC 2025
Changes made at Fri Aug 22 14:39:02 UTC 2025
Changes made at Fri Aug 22 16:46:02 UTC 2025
Changes made at Sat Aug 23 08:42:46 UTC 2025
Changes made at Sat Aug 23 10:37:34 UTC 2025
Changes made at Sat Aug 23 14:34:34 UTC 2025
Changes made at Sat Aug 23 16:40:51 UTC 2025
Changes made at Sun Aug 24 08:39:48 UTC 2025
Changes made at Sun Aug 24 10:37:39 UTC 2025
Changes made at Sun Aug 24 14:34:53 UTC 2025
Changes made at Sun Aug 24 16:42:53 UTC 2025
Changes made at Mon Aug 25 08:53:43 UTC 2025
Changes made at Mon Aug 25 10:43:23 UTC 2025
Changes made at Mon Aug 25 14:42:18 UTC 2025
Changes made at Mon Aug 25 16:49:22 UTC 2025
Changes made at Tue Aug 26 08:51:56 UTC 2025
Changes made at Tue Aug 26 10:42:57 UTC 2025
Changes made at Tue Aug 26 14:39:33 UTC 2025
Changes made at Tue Aug 26 16:45:35 UTC 2025
Changes made at Wed Aug 27 08:45:38 UTC 2025
Changes made at Wed Aug 27 10:38:56 UTC 2025
Changes made at Wed Aug 27 14:39:11 UTC 2025
Changes made at Wed Aug 27 16:45:56 UTC 2025
Changes made at Thu Aug 28 08:46:30 UTC 2025
Changes made at Thu Aug 28 10:40:19 UTC 2025
Changes made at Thu Aug 28 14:40:37 UTC 2025
Changes made at Thu Aug 28 16:45:38 UTC 2025
Changes made at Fri Aug 29 08:44:28 UTC 2025
Changes made at Fri Aug 29 10:38:50 UTC 2025
Changes made at Fri Aug 29 14:37:56 UTC 2025
Changes made at Fri Aug 29 16:44:11 UTC 2025
Changes made at Sat Aug 30 08:38:08 UTC 2025
Changes made at Sat Aug 30 10:33:20 UTC 2025
Changes made at Sat Aug 30 14:30:16 UTC 2025
Changes made at Sat Aug 30 16:38:48 UTC 2025
Changes made at Sun Aug 31 08:37:31 UTC 2025
Changes made at Sun Aug 31 10:33:53 UTC 2025
Changes made at Sun Aug 31 14:31:24 UTC 2025
Changes made at Sun Aug 31 16:39:35 UTC 2025
Changes made at Mon Sep  1 08:50:22 UTC 2025
Changes made at Mon Sep  1 10:43:09 UTC 2025
Changes made at Mon Sep  1 14:38:01 UTC 2025
Changes made at Mon Sep  1 16:42:06 UTC 2025
Changes made at Tue Sep  2 08:47:54 UTC 2025
Changes made at Tue Sep  2 10:40:53 UTC 2025
Changes made at Tue Sep  2 14:42:02 UTC 2025
Changes made at Tue Sep  2 16:46:58 UTC 2025
Changes made at Wed Sep  3 08:42:41 UTC 2025
Changes made at Wed Sep  3 10:37:16 UTC 2025
Changes made at Wed Sep  3 14:38:13 UTC 2025
Changes made at Wed Sep  3 16:43:26 UTC 2025
Changes made at Thu Sep  4 08:43:06 UTC 2025
Changes made at Thu Sep  4 10:37:32 UTC 2025
Changes made at Thu Sep  4 14:37:55 UTC 2025
Changes made at Thu Sep  4 16:44:23 UTC 2025
Changes made at Fri Sep  5 08:42:53 UTC 2025
Changes made at Fri Sep  5 10:38:12 UTC 2025
Changes made at Fri Sep  5 14:35:17 UTC 2025
Changes made at Fri Sep  5 16:39:17 UTC 2025
Changes made at Sat Sep  6 08:34:19 UTC 2025
Changes made at Sat Sep  6 10:32:06 UTC 2025
Changes made at Sat Sep  6 14:28:47 UTC 2025
Changes made at Sat Sep  6 16:36:39 UTC 2025
Changes made at Sun Sep  7 08:34:23 UTC 2025
Changes made at Sun Sep  7 10:32:08 UTC 2025
Changes made at Sun Sep  7 14:29:00 UTC 2025
Changes made at Sun Sep  7 16:36:55 UTC 2025
Changes made at Mon Sep  8 08:49:29 UTC 2025
Changes made at Mon Sep  8 10:16:58 UTC 2025
Changes made at Mon Sep  8 14:16:11 UTC 2025
Changes made at Mon Sep  8 16:18:13 UTC 2025
Changes made at Tue Sep  9 08:21:25 UTC 2025
Changes made at Tue Sep  9 10:16:56 UTC 2025
Changes made at Tue Sep  9 14:13:46 UTC 2025
Changes made at Tue Sep  9 16:18:59 UTC 2025
Changes made at Wed Sep 10 08:20:24 UTC 2025
Changes made at Wed Sep 10 10:15:39 UTC 2025
Changes made at Wed Sep 10 14:14:28 UTC 2025
Changes made at Wed Sep 10 16:18:49 UTC 2025
Changes made at Thu Sep 11 08:20:07 UTC 2025
Changes made at Thu Sep 11 10:15:22 UTC 2025
Changes made at Thu Sep 11 14:15:21 UTC 2025
Changes made at Thu Sep 11 16:18:43 UTC 2025
Changes made at Fri Sep 12 08:19:24 UTC 2025
Changes made at Fri Sep 12 10:16:12 UTC 2025
Changes made at Fri Sep 12 14:14:20 UTC 2025
Changes made at Fri Sep 12 16:14:45 UTC 2025
Changes made at Sat Sep 13 08:17:46 UTC 2025
Changes made at Sat Sep 13 10:13:38 UTC 2025
Changes made at Sat Sep 13 14:11:16 UTC 2025
Changes made at Sat Sep 13 16:15:49 UTC 2025
Changes made at Sun Sep 14 08:17:48 UTC 2025
Changes made at Sun Sep 14 10:12:56 UTC 2025
Changes made at Sun Sep 14 14:11:54 UTC 2025
Changes made at Sun Sep 14 16:15:41 UTC 2025
Changes made at Mon Sep 15 08:20:54 UTC 2025
Changes made at Mon Sep 15 10:16:49 UTC 2025
Changes made at Mon Sep 15 14:15:54 UTC 2025
Changes made at Mon Sep 15 16:19:02 UTC 2025
Changes made at Tue Sep 16 08:20:54 UTC 2025
Changes made at Tue Sep 16 10:15:57 UTC 2025
Changes made at Tue Sep 16 14:15:29 UTC 2025
Changes made at Tue Sep 16 16:19:15 UTC 2025
Changes made at Wed Sep 17 08:20:09 UTC 2025
Changes made at Wed Sep 17 10:15:43 UTC 2025
Changes made at Wed Sep 17 14:14:48 UTC 2025
Changes made at Wed Sep 17 16:19:32 UTC 2025
Changes made at Thu Sep 18 08:20:10 UTC 2025
Changes made at Thu Sep 18 10:15:50 UTC 2025
Changes made at Thu Sep 18 14:15:28 UTC 2025
Changes made at Thu Sep 18 16:19:12 UTC 2025
Changes made at Fri Sep 19 08:20:02 UTC 2025
Changes made at Fri Sep 19 10:16:35 UTC 2025
Changes made at Fri Sep 19 14:14:31 UTC 2025
Changes made at Fri Sep 19 16:18:24 UTC 2025
Changes made at Sat Sep 20 08:18:25 UTC 2025
Changes made at Sat Sep 20 10:13:57 UTC 2025
Changes made at Sat Sep 20 14:12:12 UTC 2025
Changes made at Sat Sep 20 16:16:18 UTC 2025
Changes made at Sun Sep 21 08:17:12 UTC 2025
Changes made at Sun Sep 21 10:14:28 UTC 2025
Changes made at Sun Sep 21 14:12:08 UTC 2025
Changes made at Sun Sep 21 16:16:24 UTC 2025
Changes made at Mon Sep 22 08:21:33 UTC 2025
Changes made at Mon Sep 22 10:17:27 UTC 2025
Changes made at Mon Sep 22 14:16:23 UTC 2025
Changes made at Mon Sep 22 16:19:43 UTC 2025
Changes made at Tue Sep 23 08:20:17 UTC 2025
Changes made at Tue Sep 23 10:15:48 UTC 2025
Changes made at Tue Sep 23 14:15:41 UTC 2025
Changes made at Tue Sep 23 16:19:17 UTC 2025
Changes made at Wed Sep 24 08:20:42 UTC 2025
Changes made at Wed Sep 24 10:16:08 UTC 2025
Changes made at Wed Sep 24 14:13:26 UTC 2025
Changes made at Wed Sep 24 16:19:52 UTC 2025
Changes made at Thu Sep 25 08:20:36 UTC 2025
Changes made at Thu Sep 25 10:16:22 UTC 2025
Changes made at Thu Sep 25 14:16:05 UTC 2025
Changes made at Thu Sep 25 16:19:06 UTC 2025
Changes made at Fri Sep 26 08:21:21 UTC 2025
Changes made at Fri Sep 26 10:16:00 UTC 2025
Changes made at Fri Sep 26 14:15:03 UTC 2025
Changes made at Fri Sep 26 16:19:04 UTC 2025
Changes made at Sat Sep 27 08:17:38 UTC 2025
Changes made at Sat Sep 27 10:14:04 UTC 2025
Changes made at Sat Sep 27 14:11:59 UTC 2025
Changes made at Sat Sep 27 16:16:36 UTC 2025
Changes made at Sun Sep 28 08:17:43 UTC 2025
Changes made at Sun Sep 28 10:14:21 UTC 2025
Changes made at Sun Sep 28 14:11:21 UTC 2025
Changes made at Sun Sep 28 16:16:03 UTC 2025
Changes made at Mon Sep 29 08:22:43 UTC 2025
Changes made at Mon Sep 29 10:17:25 UTC 2025
Changes made at Mon Sep 29 14:15:31 UTC 2025
Changes made at Mon Sep 29 16:16:11 UTC 2025
Changes made at Tue Sep 30 08:21:46 UTC 2025
Changes made at Tue Sep 30 10:16:12 UTC 2025
Changes made at Tue Sep 30 14:15:38 UTC 2025
Changes made at Tue Sep 30 16:19:27 UTC 2025
Changes made at Wed Oct  1 08:20:48 UTC 2025
Changes made at Wed Oct  1 10:16:45 UTC 2025
Changes made at Wed Oct  1 14:16:00 UTC 2025
Changes made at Wed Oct  1 16:19:25 UTC 2025
Changes made at Thu Oct  2 08:19:59 UTC 2025
Changes made at Thu Oct  2 10:14:55 UTC 2025
Changes made at Thu Oct  2 14:14:34 UTC 2025
Changes made at Thu Oct  2 16:18:27 UTC 2025
Changes made at Fri Oct  3 08:19:20 UTC 2025
Changes made at Fri Oct  3 10:15:47 UTC 2025
Changes made at Fri Oct  3 14:14:06 UTC 2025
Changes made at Fri Oct  3 16:18:16 UTC 2025
Changes made at Sat Oct  4 08:17:43 UTC 2025
Changes made at Sat Oct  4 10:14:10 UTC 2025
Changes made at Sat Oct  4 14:11:55 UTC 2025
Changes made at Sat Oct  4 16:16:17 UTC 2025
Changes made at Sun Oct  5 08:17:20 UTC 2025
Changes made at Sun Oct  5 10:14:09 UTC 2025
Changes made at Sun Oct  5 14:12:16 UTC 2025
Changes made at Sun Oct  5 16:16:16 UTC 2025
Changes made at Mon Oct  6 08:20:57 UTC 2025
Changes made at Mon Oct  6 10:17:06 UTC 2025
Changes made at Mon Oct  6 14:15:08 UTC 2025
Changes made at Mon Oct  6 16:18:51 UTC 2025
Changes made at Tue Oct  7 08:21:01 UTC 2025
Changes made at Tue Oct  7 10:16:11 UTC 2025
Changes made at Tue Oct  7 14:16:27 UTC 2025
Changes made at Tue Oct  7 16:18:58 UTC 2025
Changes made at Wed Oct  8 08:21:12 UTC 2025
Changes made at Wed Oct  8 10:16:15 UTC 2025
Changes made at Wed Oct  8 14:15:56 UTC 2025
Changes made at Wed Oct  8 16:19:12 UTC 2025
Changes made at Thu Oct  9 08:20:42 UTC 2025
Changes made at Thu Oct  9 10:17:22 UTC 2025
Changes made at Thu Oct  9 14:15:27 UTC 2025
Changes made at Thu Oct  9 16:19:59 UTC 2025
Changes made at Fri Oct 10 08:20:21 UTC 2025
Changes made at Fri Oct 10 10:16:48 UTC 2025
Changes made at Fri Oct 10 14:15:32 UTC 2025
Changes made at Fri Oct 10 16:18:50 UTC 2025
Changes made at Sat Oct 11 08:17:48 UTC 2025
Changes made at Sat Oct 11 10:14:08 UTC 2025
Changes made at Sat Oct 11 14:12:13 UTC 2025
Changes made at Sat Oct 11 16:16:19 UTC 2025
Changes made at Sun Oct 12 08:18:01 UTC 2025
Changes made at Sun Oct 12 10:14:09 UTC 2025
Changes made at Sun Oct 12 14:12:47 UTC 2025
Changes made at Sun Oct 12 16:16:29 UTC 2025
Changes made at Mon Oct 13 08:22:35 UTC 2025
Changes made at Mon Oct 13 10:18:30 UTC 2025
Changes made at Mon Oct 13 14:16:18 UTC 2025
Changes made at Mon Oct 13 16:18:58 UTC 2025
Changes made at Tue Oct 14 08:19:26 UTC 2025
Changes made at Tue Oct 14 10:16:54 UTC 2025
Changes made at Tue Oct 14 14:16:43 UTC 2025
Changes made at Tue Oct 14 16:19:34 UTC 2025
Changes made at Wed Oct 15 08:21:53 UTC 2025
Changes made at Wed Oct 15 10:17:37 UTC 2025
Changes made at Wed Oct 15 14:16:34 UTC 2025
Changes made at Wed Oct 15 16:17:09 UTC 2025
Changes made at Thu Oct 16 08:22:14 UTC 2025
Changes made at Thu Oct 16 10:17:56 UTC 2025
Changes made at Thu Oct 16 14:16:02 UTC 2025
Changes made at Thu Oct 16 16:20:18 UTC 2025
Changes made at Fri Oct 17 08:21:30 UTC 2025
Changes made at Fri Oct 17 10:17:05 UTC 2025
Changes made at Fri Oct 17 14:15:23 UTC 2025
Changes made at Fri Oct 17 16:18:56 UTC 2025
Changes made at Sat Oct 18 08:18:47 UTC 2025
Changes made at Sat Oct 18 10:14:39 UTC 2025
Changes made at Sat Oct 18 14:12:49 UTC 2025
Changes made at Sat Oct 18 16:16:54 UTC 2025
Changes made at Sun Oct 19 08:17:54 UTC 2025
Changes made at Sun Oct 19 10:14:35 UTC 2025
Changes made at Sun Oct 19 14:12:48 UTC 2025
Changes made at Sun Oct 19 16:16:58 UTC 2025
Changes made at Mon Oct 20 08:21:30 UTC 2025
Changes made at Mon Oct 20 10:17:41 UTC 2025
Changes made at Mon Oct 20 14:15:09 UTC 2025
Changes made at Mon Oct 20 16:19:19 UTC 2025
Changes made at Tue Oct 21 08:22:16 UTC 2025
Changes made at Tue Oct 21 10:17:47 UTC 2025
Changes made at Tue Oct 21 14:14:53 UTC 2025
Changes made at Tue Oct 21 16:20:37 UTC 2025
Changes made at Wed Oct 22 08:23:07 UTC 2025
Changes made at Wed Oct 22 10:18:13 UTC 2025
Changes made at Wed Oct 22 14:17:00 UTC 2025
Changes made at Wed Oct 22 16:20:39 UTC 2025
Changes made at Thu Oct 23 08:21:52 UTC 2025
Changes made at Thu Oct 23 10:17:38 UTC 2025
Changes made at Thu Oct 23 14:16:33 UTC 2025
Changes made at Thu Oct 23 16:19:46 UTC 2025
Changes made at Fri Oct 24 08:21:06 UTC 2025
Changes made at Fri Oct 24 10:18:06 UTC 2025
Changes made at Fri Oct 24 14:16:11 UTC 2025
Changes made at Fri Oct 24 16:19:27 UTC 2025
Changes made at Sat Oct 25 08:18:07 UTC 2025
Changes made at Sat Oct 25 10:14:28 UTC 2025
Changes made at Sat Oct 25 14:12:53 UTC 2025
Changes made at Sat Oct 25 16:17:14 UTC 2025
Changes made at Sun Oct 26 08:18:48 UTC 2025
Changes made at Sun Oct 26 10:14:32 UTC 2025
Changes made at Sun Oct 26 14:13:03 UTC 2025
Changes made at Sun Oct 26 16:17:40 UTC 2025
Changes made at Mon Oct 27 08:22:29 UTC 2025
Changes made at Mon Oct 27 10:19:11 UTC 2025
Changes made at Mon Oct 27 14:16:39 UTC 2025
Changes made at Mon Oct 27 16:20:43 UTC 2025
Changes made at Tue Oct 28 08:21:51 UTC 2025
Changes made at Tue Oct 28 10:18:00 UTC 2025
Changes made at Tue Oct 28 14:16:45 UTC 2025
Changes made at Tue Oct 28 16:21:00 UTC 2025
Changes made at Wed Oct 29 08:22:06 UTC 2025
Changes made at Wed Oct 29 10:17:49 UTC 2025
Changes made at Wed Oct 29 14:16:51 UTC 2025
Changes made at Wed Oct 29 16:21:10 UTC 2025
Changes made at Thu Oct 30 08:21:06 UTC 2025
Changes made at Thu Oct 30 10:17:17 UTC 2025
Changes made at Thu Oct 30 14:16:14 UTC 2025
Changes made at Thu Oct 30 16:21:07 UTC 2025
Changes made at Fri Oct 31 08:20:46 UTC 2025
Changes made at Fri Oct 31 10:16:59 UTC 2025
Changes made at Fri Oct 31 14:16:00 UTC 2025
Changes made at Fri Oct 31 16:19:41 UTC 2025
Changes made at Sat Nov  1 08:18:36 UTC 2025
Changes made at Sat Nov  1 10:14:55 UTC 2025
Changes made at Sat Nov  1 14:12:52 UTC 2025
Changes made at Sat Nov  1 16:16:49 UTC 2025
Changes made at Sun Nov  2 08:18:07 UTC 2025
Changes made at Sun Nov  2 10:14:30 UTC 2025
Changes made at Sun Nov  2 14:12:58 UTC 2025
Changes made at Sun Nov  2 16:17:08 UTC 2025
Changes made at Mon Nov  3 08:23:09 UTC 2025
Changes made at Mon Nov  3 10:19:00 UTC 2025
Changes made at Mon Nov  3 14:16:24 UTC 2025
Changes made at Mon Nov  3 16:19:23 UTC 2025
Changes made at Tue Nov  4 08:22:09 UTC 2025
Changes made at Tue Nov  4 10:19:13 UTC 2025
Changes made at Tue Nov  4 14:16:34 UTC 2025
Changes made at Tue Nov  4 16:19:55 UTC 2025
Changes made at Wed Nov  5 08:22:09 UTC 2025
Changes made at Wed Nov  5 10:18:44 UTC 2025
Changes made at Wed Nov  5 14:16:16 UTC 2025
Changes made at Wed Nov  5 16:21:15 UTC 2025
Changes made at Thu Nov  6 08:21:51 UTC 2025
Changes made at Thu Nov  6 10:18:32 UTC 2025
Changes made at Thu Nov  6 14:16:29 UTC 2025
Changes made at Thu Nov  6 16:21:30 UTC 2025
Changes made at Fri Nov  7 08:21:48 UTC 2025
Changes made at Fri Nov  7 10:17:49 UTC 2025
Changes made at Fri Nov  7 14:15:58 UTC 2025
Changes made at Fri Nov  7 16:17:05 UTC 2025
Changes made at Sat Nov  8 08:18:55 UTC 2025
Changes made at Sat Nov  8 10:14:44 UTC 2025
Changes made at Sat Nov  8 14:12:59 UTC 2025
Changes made at Sat Nov  8 16:17:35 UTC 2025
Changes made at Sun Nov  9 08:18:00 UTC 2025
Changes made at Sun Nov  9 10:14:29 UTC 2025
Changes made at Sun Nov  9 14:12:36 UTC 2025
Changes made at Sun Nov  9 16:17:14 UTC 2025
Changes made at Mon Nov 10 08:23:20 UTC 2025
Changes made at Mon Nov 10 10:18:55 UTC 2025
Changes made at Mon Nov 10 14:16:29 UTC 2025
Changes made at Mon Nov 10 16:21:03 UTC 2025
Changes made at Tue Nov 11 08:21:31 UTC 2025
Changes made at Tue Nov 11 10:18:42 UTC 2025
Changes made at Tue Nov 11 14:16:23 UTC 2025
Changes made at Tue Nov 11 16:20:33 UTC 2025
Changes made at Wed Nov 12 08:22:15 UTC 2025
Changes made at Wed Nov 12 10:18:14 UTC 2025
Changes made at Wed Nov 12 14:17:10 UTC 2025
Changes made at Wed Nov 12 16:22:00 UTC 2025
Changes made at Thu Nov 13 08:21:37 UTC 2025
Changes made at Thu Nov 13 10:18:34 UTC 2025
Changes made at Thu Nov 13 14:16:18 UTC 2025
Changes made at Thu Nov 13 16:20:14 UTC 2025
Changes made at Fri Nov 14 08:21:30 UTC 2025
Changes made at Fri Nov 14 10:18:33 UTC 2025
Changes made at Fri Nov 14 14:15:44 UTC 2025
Changes made at Fri Nov 14 16:20:37 UTC 2025
Changes made at Sat Nov 15 08:18:45 UTC 2025
Changes made at Sat Nov 15 10:15:22 UTC 2025
Changes made at Sat Nov 15 14:13:07 UTC 2025
Changes made at Sat Nov 15 16:17:15 UTC 2025
Changes made at Sun Nov 16 08:19:28 UTC 2025
Changes made at Sun Nov 16 10:15:17 UTC 2025
Changes made at Sun Nov 16 14:13:11 UTC 2025
Changes made at Sun Nov 16 16:17:33 UTC 2025
Changes made at Mon Nov 17 08:24:08 UTC 2025
Changes made at Mon Nov 17 10:18:49 UTC 2025
Changes made at Mon Nov 17 14:16:18 UTC 2025
Changes made at Mon Nov 17 16:21:52 UTC 2025
Changes made at Tue Nov 18 08:22:20 UTC 2025
Changes made at Tue Nov 18 10:19:18 UTC 2025
Changes made at Tue Nov 18 14:16:08 UTC 2025
Changes made at Tue Nov 18 16:22:09 UTC 2025
Changes made at Wed Nov 19 08:22:16 UTC 2025
Changes made at Wed Nov 19 10:18:20 UTC 2025
Changes made at Wed Nov 19 14:16:10 UTC 2025
Changes made at Wed Nov 19 16:21:39 UTC 2025
Changes made at Thu Nov 20 08:22:45 UTC 2025
Changes made at Thu Nov 20 10:17:51 UTC 2025
Changes made at Thu Nov 20 14:16:46 UTC 2025
Changes made at Thu Nov 20 16:20:55 UTC 2025
Changes made at Fri Nov 21 08:23:08 UTC 2025
Changes made at Fri Nov 21 10:17:26 UTC 2025
Changes made at Fri Nov 21 14:16:06 UTC 2025
Changes made at Fri Nov 21 16:20:25 UTC 2025
Changes made at Sat Nov 22 08:19:48 UTC 2025
Changes made at Sat Nov 22 10:15:32 UTC 2025
Changes made at Sat Nov 22 14:13:22 UTC 2025
Changes made at Sat Nov 22 16:18:11 UTC 2025
Changes made at Sun Nov 23 08:19:52 UTC 2025
Changes made at Sun Nov 23 10:15:32 UTC 2025
Changes made at Sun Nov 23 14:13:34 UTC 2025
Changes made at Sun Nov 23 16:18:25 UTC 2025
Changes made at Mon Nov 24 08:24:00 UTC 2025
Changes made at Mon Nov 24 10:19:17 UTC 2025
Changes made at Mon Nov 24 14:16:58 UTC 2025
Changes made at Mon Nov 24 16:18:51 UTC 2025
Changes made at Tue Nov 25 08:23:22 UTC 2025
Changes made at Tue Nov 25 10:19:28 UTC 2025
Changes made at Tue Nov 25 14:16:58 UTC 2025
Changes made at Tue Nov 25 16:22:10 UTC 2025
Changes made at Wed Nov 26 08:22:38 UTC 2025
Changes made at Wed Nov 26 10:18:55 UTC 2025
Changes made at Wed Nov 26 14:17:37 UTC 2025
Changes made at Wed Nov 26 16:20:44 UTC 2025
Changes made at Thu Nov 27 08:23:30 UTC 2025
Changes made at Thu Nov 27 10:18:20 UTC 2025
Changes made at Thu Nov 27 14:16:40 UTC 2025
Changes made at Thu Nov 27 16:20:36 UTC 2025
Changes made at Fri Nov 28 08:23:03 UTC 2025
Changes made at Fri Nov 28 10:18:21 UTC 2025
Changes made at Fri Nov 28 14:16:35 UTC 2025
Changes made at Fri Nov 28 16:20:24 UTC 2025
Changes made at Sat Nov 29 08:20:28 UTC 2025
Changes made at Sat Nov 29 10:15:55 UTC 2025
Changes made at Sat Nov 29 14:14:06 UTC 2025
Changes made at Sat Nov 29 16:19:00 UTC 2025
Changes made at Sun Nov 30 08:19:33 UTC 2025
Changes made at Sun Nov 30 10:15:51 UTC 2025
Changes made at Sun Nov 30 14:14:13 UTC 2025
Changes made at Sun Nov 30 16:18:59 UTC 2025
Changes made at Mon Dec  1 08:26:23 UTC 2025
Changes made at Mon Dec  1 10:19:59 UTC 2025
Changes made at Mon Dec  1 14:18:03 UTC 2025
Changes made at Mon Dec  1 16:23:36 UTC 2025
Changes made at Tue Dec  2 08:25:03 UTC 2025
Changes made at Tue Dec  2 10:18:56 UTC 2025
Changes made at Tue Dec  2 14:18:19 UTC 2025
Changes made at Tue Dec  2 16:23:01 UTC 2025
Changes made at Wed Dec  3 08:23:29 UTC 2025
Changes made at Wed Dec  3 10:20:12 UTC 2025
Changes made at Wed Dec  3 14:17:23 UTC 2025
Changes made at Wed Dec  3 16:23:57 UTC 2025
Changes made at Thu Dec  4 08:24:11 UTC 2025
Changes made at Thu Dec  4 10:20:01 UTC 2025
Changes made at Thu Dec  4 14:17:45 UTC 2025
Changes made at Thu Dec  4 16:23:55 UTC 2025
Changes made at Fri Dec  5 08:22:43 UTC 2025
Changes made at Fri Dec  5 10:18:18 UTC 2025
Changes made at Fri Dec  5 14:17:19 UTC 2025
Changes made at Fri Dec  5 16:21:29 UTC 2025
Changes made at Sat Dec  6 08:20:20 UTC 2025
Changes made at Sat Dec  6 10:15:45 UTC 2025
Changes made at Sat Dec  6 14:13:42 UTC 2025
Changes made at Sat Dec  6 16:18:46 UTC 2025
Changes made at Sun Dec  7 08:19:47 UTC 2025
Changes made at Sun Dec  7 10:15:18 UTC 2025
Changes made at Sun Dec  7 14:14:09 UTC 2025
Changes made at Sun Dec  7 16:18:06 UTC 2025
Changes made at Mon Dec  8 08:26:20 UTC 2025
Changes made at Mon Dec  8 10:19:30 UTC 2025
Changes made at Mon Dec  8 14:18:13 UTC 2025
Changes made at Mon Dec  8 16:22:32 UTC 2025
Changes made at Tue Dec  9 08:24:57 UTC 2025
Changes made at Tue Dec  9 10:20:21 UTC 2025
Changes made at Tue Dec  9 14:18:40 UTC 2025
Changes made at Tue Dec  9 16:22:51 UTC 2025
Changes made at Wed Dec 10 08:24:08 UTC 2025
Changes made at Wed Dec 10 10:20:31 UTC 2025
Changes made at Wed Dec 10 14:19:01 UTC 2025
Changes made at Wed Dec 10 16:23:36 UTC 2025
Changes made at Thu Dec 11 08:25:07 UTC 2025
Changes made at Thu Dec 11 10:20:00 UTC 2025
Changes made at Thu Dec 11 14:19:25 UTC 2025
Changes made at Thu Dec 11 16:25:30 UTC 2025
Changes made at Fri Dec 12 08:24:58 UTC 2025
Changes made at Fri Dec 12 10:18:41 UTC 2025
Changes made at Fri Dec 12 14:16:21 UTC 2025
Changes made at Fri Dec 12 16:20:37 UTC 2025
Changes made at Sat Dec 13 08:20:23 UTC 2025
Changes made at Sat Dec 13 10:15:58 UTC 2025
Changes made at Sat Dec 13 14:14:34 UTC 2025
Changes made at Sat Dec 13 16:19:26 UTC 2025
Changes made at Sun Dec 14 08:20:55 UTC 2025
Changes made at Sun Dec 14 10:16:22 UTC 2025
Changes made at Sun Dec 14 14:15:02 UTC 2025
Changes made at Sun Dec 14 16:19:14 UTC 2025
Changes made at Mon Dec 15 08:27:07 UTC 2025
Changes made at Mon Dec 15 10:21:17 UTC 2025
Changes made at Mon Dec 15 14:21:42 UTC 2025
Changes made at Mon Dec 15 16:25:37 UTC 2025
Changes made at Tue Dec 16 08:25:29 UTC 2025
Changes made at Tue Dec 16 10:20:34 UTC 2025
Changes made at Tue Dec 16 14:20:39 UTC 2025
Changes made at Tue Dec 16 16:23:39 UTC 2025
Changes made at Wed Dec 17 08:25:10 UTC 2025
Changes made at Wed Dec 17 10:19:48 UTC 2025
Changes made at Wed Dec 17 14:18:27 UTC 2025
Changes made at Wed Dec 17 16:22:54 UTC 2025
Changes made at Thu Dec 18 08:24:35 UTC 2025
Changes made at Thu Dec 18 10:19:04 UTC 2025
Changes made at Thu Dec 18 14:18:55 UTC 2025
Changes made at Thu Dec 18 16:24:23 UTC 2025
Changes made at Fri Dec 19 08:24:19 UTC 2025
Changes made at Fri Dec 19 10:18:55 UTC 2025
Changes made at Fri Dec 19 14:17:29 UTC 2025
Changes made at Fri Dec 19 16:21:25 UTC 2025
Changes made at Sat Dec 20 08:20:50 UTC 2025
Changes made at Sat Dec 20 10:16:21 UTC 2025
Changes made at Sat Dec 20 14:14:29 UTC 2025
Changes made at Sat Dec 20 16:19:27 UTC 2025
Changes made at Sun Dec 21 08:21:13 UTC 2025
Changes made at Sun Dec 21 10:16:21 UTC 2025
Changes made at Sun Dec 21 14:14:59 UTC 2025
Changes made at Sun Dec 21 16:19:05 UTC 2025
Changes made at Mon Dec 22 08:25:42 UTC 2025
Changes made at Mon Dec 22 10:18:51 UTC 2025
Changes made at Mon Dec 22 14:17:39 UTC 2025
Changes made at Mon Dec 22 16:21:11 UTC 2025
Changes made at Tue Dec 23 08:24:39 UTC 2025
Changes made at Tue Dec 23 10:19:14 UTC 2025
Changes made at Tue Dec 23 14:17:28 UTC 2025
Changes made at Tue Dec 23 16:22:12 UTC 2025
Changes made at Wed Dec 24 08:24:39 UTC 2025
Changes made at Wed Dec 24 10:18:19 UTC 2025
Changes made at Wed Dec 24 14:16:21 UTC 2025
Changes made at Wed Dec 24 16:20:53 UTC 2025
Changes made at Thu Dec 25 08:23:39 UTC 2025
Changes made at Thu Dec 25 10:18:49 UTC 2025
Changes made at Thu Dec 25 14:16:08 UTC 2025
Changes made at Thu Dec 25 16:21:02 UTC 2025
Changes made at Fri Dec 26 08:23:33 UTC 2025
Changes made at Fri Dec 26 10:17:56 UTC 2025
Changes made at Fri Dec 26 14:16:51 UTC 2025
Changes made at Fri Dec 26 16:19:51 UTC 2025
Changes made at Sat Dec 27 08:21:24 UTC 2025
Changes made at Sat Dec 27 10:16:22 UTC 2025
Changes made at Sat Dec 27 14:15:01 UTC 2025
Changes made at Sat Dec 27 16:19:39 UTC 2025
Changes made at Sun Dec 28 08:21:38 UTC 2025
Changes made at Sun Dec 28 10:16:46 UTC 2025
Changes made at Sun Dec 28 14:15:34 UTC 2025
Changes made at Sun Dec 28 16:19:57 UTC 2025
Changes made at Mon Dec 29 08:26:39 UTC 2025
Changes made at Mon Dec 29 10:19:57 UTC 2025
Changes made at Mon Dec 29 14:18:02 UTC 2025
Changes made at Mon Dec 29 16:20:52 UTC 2025
Changes made at Tue Dec 30 08:24:32 UTC 2025
Changes made at Tue Dec 30 10:19:15 UTC 2025
Changes made at Tue Dec 30 14:17:35 UTC 2025
Changes made at Tue Dec 30 16:22:13 UTC 2025
Changes made at Wed Dec 31 08:24:27 UTC 2025
Changes made at Wed Dec 31 10:18:22 UTC 2025
Changes made at Wed Dec 31 14:16:32 UTC 2025
Changes made at Wed Dec 31 16:21:17 UTC 2025
Changes made at Thu Jan  1 08:24:21 UTC 2026
Changes made at Thu Jan  1 10:18:55 UTC 2026
Changes made at Thu Jan  1 14:16:09 UTC 2026
Changes made at Thu Jan  1 16:21:26 UTC 2026
Changes made at Fri Jan  2 08:24:11 UTC 2026
Changes made at Fri Jan  2 10:17:46 UTC 2026
Changes made at Fri Jan  2 14:17:18 UTC 2026
Changes made at Fri Jan  2 16:20:40 UTC 2026
Changes made at Sat Jan  3 08:22:22 UTC 2026
Changes made at Sat Jan  3 10:16:46 UTC 2026
Changes made at Sat Jan  3 14:15:17 UTC 2026
Changes made at Sat Jan  3 16:19:43 UTC 2026
Changes made at Sun Jan  4 08:22:39 UTC 2026
Changes made at Sun Jan  4 10:16:58 UTC 2026
Changes made at Sun Jan  4 14:15:04 UTC 2026
Changes made at Sun Jan  4 16:19:29 UTC 2026
Changes made at Mon Jan  5 08:27:43 UTC 2026
Changes made at Mon Jan  5 10:20:53 UTC 2026
Changes made at Mon Jan  5 14:20:51 UTC 2026
Changes made at Mon Jan  5 16:23:26 UTC 2026
Changes made at Tue Jan  6 08:25:25 UTC 2026
Changes made at Tue Jan  6 10:19:28 UTC 2026
Changes made at Tue Jan  6 14:18:45 UTC 2026
Changes made at Tue Jan  6 16:23:06 UTC 2026
Changes made at Wed Jan  7 08:25:17 UTC 2026
Changes made at Wed Jan  7 10:20:22 UTC 2026
Changes made at Wed Jan  7 14:20:35 UTC 2026
Changes made at Wed Jan  7 16:25:20 UTC 2026
Changes made at Thu Jan  8 08:25:41 UTC 2026
Changes made at Thu Jan  8 10:20:22 UTC 2026
Changes made at Thu Jan  8 14:21:37 UTC 2026
Changes made at Thu Jan  8 16:24:46 UTC 2026
Changes made at Fri Jan  9 08:25:13 UTC 2026
Changes made at Fri Jan  9 10:19:12 UTC 2026
Changes made at Fri Jan  9 14:20:21 UTC 2026
Changes made at Fri Jan  9 16:22:37 UTC 2026
Changes made at Sat Jan 10 08:21:34 UTC 2026
Changes made at Sat Jan 10 10:17:05 UTC 2026
Changes made at Sat Jan 10 14:15:48 UTC 2026
Changes made at Sat Jan 10 16:19:40 UTC 2026
Changes made at Sun Jan 11 08:21:43 UTC 2026
Changes made at Sun Jan 11 10:17:27 UTC 2026
Changes made at Sun Jan 11 14:15:34 UTC 2026
Changes made at Sun Jan 11 16:20:19 UTC 2026
Changes made at Mon Jan 12 08:27:27 UTC 2026
Changes made at Mon Jan 12 10:21:23 UTC 2026
Changes made at Mon Jan 12 14:21:48 UTC 2026
Changes made at Mon Jan 12 16:22:48 UTC 2026
Changes made at Tue Jan 13 08:25:56 UTC 2026
Changes made at Tue Jan 13 10:20:02 UTC 2026
Changes made at Tue Jan 13 14:21:41 UTC 2026
Changes made at Tue Jan 13 16:27:06 UTC 2026
Changes made at Wed Jan 14 08:25:39 UTC 2026
Changes made at Wed Jan 14 10:20:29 UTC 2026
Changes made at Wed Jan 14 14:21:35 UTC 2026
Changes made at Wed Jan 14 16:25:21 UTC 2026
Changes made at Thu Jan 15 08:26:21 UTC 2026
Changes made at Thu Jan 15 10:20:14 UTC 2026
Changes made at Thu Jan 15 14:21:05 UTC 2026
Changes made at Thu Jan 15 16:30:21 UTC 2026
Changes made at Fri Jan 16 08:25:02 UTC 2026
Changes made at Fri Jan 16 10:19:43 UTC 2026
Changes made at Fri Jan 16 14:19:48 UTC 2026
Changes made at Fri Jan 16 16:23:30 UTC 2026
Changes made at Sat Jan 17 08:21:18 UTC 2026
Changes made at Sat Jan 17 10:17:01 UTC 2026
Changes made at Sat Jan 17 14:15:34 UTC 2026
Changes made at Sat Jan 17 16:18:41 UTC 2026
Changes made at Sun Jan 18 08:21:54 UTC 2026
Changes made at Sun Jan 18 10:17:21 UTC 2026
Changes made at Sun Jan 18 14:15:00 UTC 2026
Changes made at Sun Jan 18 16:20:17 UTC 2026
Changes made at Mon Jan 19 08:27:41 UTC 2026
Changes made at Mon Jan 19 10:24:06 UTC 2026
Changes made at Mon Jan 19 14:23:29 UTC 2026
Changes made at Mon Jan 19 16:24:00 UTC 2026
Changes made at Tue Jan 20 08:26:57 UTC 2026
Changes made at Tue Jan 20 10:23:18 UTC 2026
Changes made at Tue Jan 20 14:26:58 UTC 2026
Changes made at Tue Jan 20 16:30:11 UTC 2026
Changes made at Wed Jan 21 08:27:15 UTC 2026
Changes made at Wed Jan 21 10:23:43 UTC 2026
Changes made at Wed Jan 21 14:26:58 UTC 2026
Changes made at Wed Jan 21 16:39:47 UTC 2026
Changes made at Thu Jan 22 08:27:06 UTC 2026
Changes made at Thu Jan 22 10:23:22 UTC 2026
Changes made at Thu Jan 22 14:26:27 UTC 2026
Changes made at Thu Jan 22 16:30:02 UTC 2026
Changes made at Fri Jan 23 08:25:14 UTC 2026
Changes made at Fri Jan 23 10:20:36 UTC 2026
Changes made at Fri Jan 23 14:21:50 UTC 2026
Changes made at Fri Jan 23 16:25:29 UTC 2026
Changes made at Sat Jan 24 08:22:08 UTC 2026
Changes made at Sat Jan 24 10:17:40 UTC 2026
Changes made at Sat Jan 24 14:16:09 UTC 2026
Changes made at Sat Jan 24 16:20:18 UTC 2026
Changes made at Sun Jan 25 08:22:50 UTC 2026
Changes made at Sun Jan 25 10:18:12 UTC 2026
Changes made at Sun Jan 25 14:15:54 UTC 2026
Changes made at Sun Jan 25 16:20:41 UTC 2026
Changes made at Mon Jan 26 08:27:36 UTC 2026
Changes made at Mon Jan 26 10:22:20 UTC 2026
Changes made at Mon Jan 26 14:24:47 UTC 2026
Changes made at Mon Jan 26 16:29:00 UTC 2026
Changes made at Tue Jan 27 08:28:17 UTC 2026
Changes made at Tue Jan 27 10:23:35 UTC 2026
Changes made at Tue Jan 27 14:25:55 UTC 2026
Changes made at Tue Jan 27 16:26:12 UTC 2026
Changes made at Wed Jan 28 08:27:11 UTC 2026
Changes made at Wed Jan 28 10:24:09 UTC 2026
Changes made at Wed Jan 28 14:25:58 UTC 2026
Changes made at Wed Jan 28 16:31:46 UTC 2026
Changes made at Thu Jan 29 08:34:11 UTC 2026
Changes made at Thu Jan 29 10:32:46 UTC 2026
Changes made at Thu Jan 29 14:35:54 UTC 2026
Changes made at Thu Jan 29 16:38:38 UTC 2026
Changes made at Fri Jan 30 08:33:27 UTC 2026
Changes made at Fri Jan 30 10:29:14 UTC 2026
Changes made at Fri Jan 30 14:32:40 UTC 2026
Changes made at Fri Jan 30 16:34:16 UTC 2026
Changes made at Sat Jan 31 08:25:14 UTC 2026
Changes made at Sat Jan 31 10:20:16 UTC 2026
Changes made at Sat Jan 31 14:20:49 UTC 2026
Changes made at Sat Jan 31 16:22:12 UTC 2026
Changes made at Sun Feb  1 08:28:07 UTC 2026
Changes made at Sun Feb  1 10:20:52 UTC 2026
Changes made at Sun Feb  1 14:22:02 UTC 2026
Changes made at Sun Feb  1 16:24:01 UTC 2026
Changes made at Mon Feb  2 08:38:03 UTC 2026
Changes made at Mon Feb  2 10:40:02 UTC 2026
Changes made at Mon Feb  2 14:38:22 UTC 2026
Changes made at Mon Feb  2 16:34:48 UTC 2026
Changes made at Tue Feb  3 08:32:17 UTC 2026
Changes made at Tue Feb  3 10:35:31 UTC 2026
Changes made at Tue Feb  3 14:40:44 UTC 2026
Changes made at Tue Feb  3 16:47:30 UTC 2026
Changes made at Wed Feb  4 08:36:01 UTC 2026
Changes made at Wed Feb  4 10:34:18 UTC 2026
Changes made at Wed Feb  4 14:38:03 UTC 2026
Changes made at Wed Feb  4 16:41:36 UTC 2026
Changes made at Thu Feb  5 08:37:53 UTC 2026
Changes made at Thu Feb  5 10:36:25 UTC 2026
Changes made at Thu Feb  5 14:40:05 UTC 2026
Changes made at Thu Feb  5 16:41:43 UTC 2026
Changes made at Fri Feb  6 08:36:35 UTC 2026
Changes made at Fri Feb  6 10:35:00 UTC 2026
Changes made at Fri Feb  6 14:36:57 UTC 2026
Changes made at Fri Feb  6 16:38:53 UTC 2026
Changes made at Sat Feb  7 08:26:31 UTC 2026
Changes made at Sat Feb  7 10:21:01 UTC 2026
Changes made at Sat Feb  7 14:21:45 UTC 2026
Changes made at Sat Feb  7 16:24:36 UTC 2026
Changes made at Sun Feb  8 08:28:10 UTC 2026
Changes made at Sun Feb  8 10:22:20 UTC 2026
Changes made at Sun Feb  8 14:23:38 UTC 2026
Changes made at Sun Feb  8 16:25:35 UTC 2026
Changes made at Mon Feb  9 08:44:39 UTC 2026
Changes made at Mon Feb  9 10:52:30 UTC 2026
Changes made at Mon Feb  9 14:47:28 UTC 2026
Changes made at Tue Feb 10 08:45:32 UTC 2026
Changes made at Tue Feb 10 10:51:23 UTC 2026
Changes made at Tue Feb 10 14:54:34 UTC 2026
Changes made at Tue Feb 10 16:59:13 UTC 2026
Changes made at Wed Feb 11 08:42:51 UTC 2026
Changes made at Wed Feb 11 10:44:39 UTC 2026
Changes made at Wed Feb 11 14:48:36 UTC 2026
Changes made at Wed Feb 11 17:00:56 UTC 2026
Changes made at Thu Feb 12 08:40:29 UTC 2026
Changes made at Thu Feb 12 10:40:45 UTC 2026
